[2.4792590376679806, 60.98743198708581, -1] 
[2.476703516407291, 22.54912955069659, 0] 
[2.5177464928575026, 22.54604651590656, 0] 
[2.5558930465108043, 22.546034480529023, 0] 
[2.5913931893447786, 22.55073390799995, 0] 
[2.6225779352419396, 22.561379586588743, 0] 
[2.6502293266489905, 22.57653842593293, 0] 
[2.67386067393699, 22.593417031516573, 0] 
[2.6947423409325015, 22.611667911022302, 0] 
[2.714947760775061, 22.63557285339499, 0] 
[2.73330690166454, 22.662285167517027, 0] 
[2.7504645648776846, 22.690208630533697, 0] 
[2.767807163304145, 22.718827429611444, 0] 
[2.7845977356735974, 22.749508698763577, 0] 
[2.799868966468013, 22.78013582951543, 0] 
[2.814363978071491, 22.809672515210544, 0] 
[2.828404471800582, 22.844214090741026, 0] 
[2.841172424068068, 22.879071631433412, 0] 
[2.853114552506829, 22.914637629460167, 0] 
[2.8628331163939813, 22.951730971884245, 0] 
[2.8721745200884174, 22.989549990390955, 0] 
[2.8805763015565256, 23.02898245234138, 0] 
[2.8886926166109466, 23.069473232174907, 0] 
[2.896851273831277, 23.11042363168488, 0] 
[2.9051549208253866, 23.15070632052535, 0] 
[2.9131133669291343, 23.193501036406097, 0] 
[2.919862297581677, 23.237006717686896, 0] 
[2.9264084861332775, 23.280997438580663, 0] 
[2.9330136788571184, 23.323321588868176, 0] 
[2.9397099781657157, 23.36534454381742, 0] 
[2.946669490257815, 23.408874045978727, 0] 
[2.9531417218382945, 23.455582104237386, 0] 
[2.9593308756169656, 23.504131186759757, 0] 
[2.965312513759344, 23.55306337690942, 0] 
[2.9712585698467624, 23.60288483936469, 0] 
[2.9764873530075056, 23.65329601483574, 0] 
[2.9817598504212777, 23.70220998533734, 0] 
[2.9868887747781065, 23.752095372264115, 0] 
[2.9922743487683805, 23.80292923842977, 0] 
[2.9972810238512384, 23.85462903255354, 0] 
[3.0019078318200436, 23.906702269292644, 0] 
[3.0067506538819506, 23.956152573535327, 0] 
[3.011377049486939, 24.006187648935253, 0] 
[3.0158681270569807, 24.055678658855108, 0] 
[3.020807272216584, 24.106302294545912, 0] 
[3.025630887640698, 24.155226878498944, 0] 
[3.0301534343239056, 24.204662816039367, 0] 
[3.0346314058800683, 24.25655474355804, 0] 
[3.03841632110954, 24.30778483189421, 0] 
[3.0420306914426263, 24.359189737424224, 0] 
[3.044997087178662, 24.410844005806467, 0] 
[3.0477772868197106, 24.464295234780124, 0] 
[3.050857416037399, 24.51880557309994, 0] 
[3.0537726904630023, 24.57540807331104, 0] 
[3.0562676942349616, 24.631498271697467, 0] 
[3.0587544898276824, 24.689250525562024, 0] 
[3.0604832692519226, 24.744258909888288, 0] 
[3.062363967121056, 24.797480617027638, 0] 
[3.064530743494891, 24.84936233473472, 0] 
[3.0667937295479306, 24.90162472938271, 0] 
[3.0693956454630493, 24.95638284251487, 0] 
[3.071766743497797, 25.011326980063643, 0] 
[3.073979225679608, 25.065993601261987, 0] 
[3.0768079839264355, 25.120162134179225, 0] 
[3.0791901549255445, 25.17452612685222, 0] 
[3.0811702138481705, 25.23138617822191, 0] 
[3.082738870889947, 25.290263539401266, 0] 
[3.083418790588988, 25.34848442752633, 0] 
[3.084091206963223, 25.40660568081546, 0] 
[3.085459265605761, 25.462280939093034, 0] 
[3.0873502939630804, 25.519145381295047, 0] 
[3.0882209213234066, 25.57621969326931, 0] 
[3.0890413648739554, 25.633086702293816, 0] 
[3.089482599368229, 25.68881306855728, 0] 
[3.0892089653156427, 25.74403069472423, 0] 
[3.088941476839422, 25.799243700995163, 0] 
[3.088275685303838, 25.855805366313447, 0] 
[3.087797057839353, 25.912853773969076, 0] 
[3.0875586072633276, 25.97127606375669, 0] 
[3.0872212108791937, 26.029514374153138, 0] 
[3.08662693020982, 26.08833056485321, 0] 
[3.0858658381410633, 26.144452050119973, 0] 
[3.0857570265147976, 26.201039254295026, 0] 
[3.0855269972617854, 26.25695604517304, 0] 
[3.0851004696419073, 26.313360640327083, 0] 
[3.0848111467228705, 26.369048293912357, 0] 
[3.084504096009468, 26.423816173787117, 0] 
[3.0841081108367936, 26.48076440161796, 0] 
[3.0841324211222956, 26.54074389735208, 0] 
[3.0844973016885504, 26.601350601158416, 0] 
[3.084966611731727, 26.660013632656288, 0] 
[3.0850813292340584, 26.715787506064878, 0] 
[3.0852120661877755, 26.772176775895403, 0] 
[3.08516815792746, 26.829765149145977, 0] 
[3.08495498091033, 26.887935991241818, 0] 
[3.0850867270119933, 26.947209095744483, 0] 
[3.0852702604234663, 27.006280782484524, 0] 
[3.0850567912845626, 27.06542790506937, 0] 
[3.0845262117422454, 27.1254137109772, 0] 
[3.083708360219179, 27.186826744812457, 0] 
[3.0824213072764994, 27.248649552793765, 0] 
[3.0816573723686362, 27.30925641321445, 0] 
[3.0804304233887265, 27.37078204622334, 0] 
[3.0792830941900324, 27.43106042635862, 0] 
[3.078070377386635, 27.489808579465233, 0] 
[3.0767092730496346, 27.548446243368772, 0] 
[3.075204545769996, 27.605873308774996, 0] 
[3.07511399394459, 27.664648077499976, 0] 
[3.0743472427080403, 27.72239107947678, 0] 
[3.073346948504382, 27.780346536266123, 0] 
[3.072745961067634, 27.83610919433046, 0] 
[3.0728408600428674, 27.889133746861056, 0] 
[3.07284250580973, 27.942409871470034, 0] 
[3.0736797437803935, 27.99700642017615, 0] 
[3.074188285694816, 28.05286613612752, 0] 
[3.075114461006319, 28.110846680431393, 0] 
[3.0756519973899534, 28.169386422445584, 0] 
[3.0764508777799646, 28.22963829303285, 0] 
[3.077317091870019, 28.289637222221458, 0] 
[3.078178668526913, 28.348866023981003, 0] 
[3.0788837419116466, 28.407745505076477, 0] 
[3.0795899077562026, 28.467853278322664, 0] 
[3.0799817074176903, 28.529717145608736, 0] 
[3.0804266390781647, 28.59117034833423, 0] 
[3.080803385085913, 28.652926027763343, 0] 
[3.0807339840457004, 28.71479485054965, 0] 
[3.0811127025900515, 28.775138978135487, 0] 
[3.081560695581597, 28.835795949564343, 0] 
[3.0810104530073197, 28.89778957231647, 0] 
[3.0803688297997027, 28.958920576285223, 0] 
[3.0789539827097476, 29.017744006345183, 0] 
[3.0783528949483503, 29.07507451144727, 0] 
[3.0784234467713083, 29.133842563966034, 0] 
[3.078924971308446, 29.189166214683638, 0] 
[3.0802989132355614, 29.244532166882095, 0] 
[3.081545513951687, 29.30066737995285, 0] 
[3.0823875929555355, 29.356602355394514, 0] 
[3.0830241750800345, 29.41517000390641, 0] 
[3.0832777790120303, 29.474460348756267, 0] 
[3.083197850528502, 29.534967300127178, 0] 
[3.082912899800112, 29.597639509344162, 0] 
[3.081959884878531, 29.65906079636939, 0] 
[3.081371838860534, 29.72132150041263, 0] 
[3.080678062464735, 29.782652823649606, 0] 
[3.080308034427895, 29.844993854685306, 0] 
[3.079450654808457, 29.905723134544928, 0] 
[3.0785432231475545, 29.965076117224854, 0] 
[3.0773385901318946, 30.02300406027541, 0] 
[3.0762229475701237, 30.079642740088985, 0] 
[3.0749729422706213, 30.136545779117256, 0] 
[3.0739454658961556, 30.19169889681328, 0] 
[3.0735882054619217, 30.24582779975904, 0] 
[3.0733606909412283, 30.300184840000618, 0] 
[3.0731934808942887, 30.3554245691749, 0] 
[3.072508838052747, 30.409693724740343, 0] 
[3.0720323557192244, 30.463262727095852, 0] 
[3.071877600647884, 30.51898087002285, 0] 
[3.07190029246073, 30.57311299122575, 0] 
[3.072294843627165, 30.62836314731382, 0] 
[3.072089296424122, 30.682514142261894, 0] 
[3.071104449173571, 30.73452794989639, 0] 
[3.0705632650483796, 30.7866609635182, 0] 
[3.0700350755471986, 30.840154705429164, 0] 
[3.069857141124866, 30.89134047923448, 0] 
[3.069814745111107, 30.944963623820257, 0] 
[3.069503013856296, 30.998956665688596, 0] 
[3.069293542212071, 31.051062518466964, 0] 
[3.0693880834118987, 31.077400012702654, 0] 
[3.0723270905185873, 31.07833431456163, 0] 
[3.078054659067682, 31.091662548049563, 0] 
[3.0877630082826037, 31.113455481370302, 0] 
[3.095231116923643, 31.14295357506289, 0] 
[3.1013187119119654, 31.1804401348721, 0] 
[3.1050487646805593, 31.221183434980176, 0] 
[3.1076986514539238, 31.266739120578762, 0] 
[3.1085996960861673, 31.315622145157718, 0] 
[3.1085437001838163, 31.36774454948722, 0] 
[3.108357679322704, 31.423402232436374, 0] 
[3.107789473287956, 31.481730627702277, 0] 
[3.106124174839025, 31.540637053189272, 0] 
[3.1045186387142363, 31.60173556338239, 0] 
[3.102117084033835, 31.66149704258713, 0] 
[3.0998264349340245, 31.720408363016062, 0] 
[3.0978811160032147, 31.777826719501434, 0] 
[3.0962793367045975, 31.838946836363093, 0] 
[3.0947306569930975, 31.897794756955093, 0] 
[3.0926413330929736, 31.958859875501545, 0] 
[3.0900554602696193, 32.021489802223876, 0] 
[3.0877595498427337, 32.08176627936926, 0] 
[3.085974749244797, 32.14259693233514, 0] 
[3.084183568441753, 32.20218764224491, 0] 
[3.082294917446673, 32.26042284642771, 0] 
[3.079993893228961, 32.318190221792946, 0] 
[3.0778704906682597, 32.37739928928268, 1] 
[3.100643352552632, 32.43862656753618, 1] 
[3.1222481758516056, 32.50309376239461, 1] 
[3.1423032798617814, 32.569466756541345, 1] 
[3.161904324835306, 32.63708114176791, 1] 
[3.1809419465765534, 32.70649908871297, 1] 
[3.198466004262292, 32.77747807107921, 1] 
[3.215009115555915, 32.849173042286864, 1] 
[3.2306228443766023, 32.921976046294056, 1] 
[3.2460031398680567, 32.99667409826938, 1] 
[3.2605934303814257, 33.07402456083557, 1] 
[3.2743034856972746, 33.154130946259144, 1] 
[3.286682731585163, 33.23485225938602, 1] 
[3.2978827858848763, 33.3176966249457, 1] 
[3.307942739801067, 33.401752876955996, 1] 
[3.317355783409827, 33.48492704128448, 1] 
[3.3263212145783547, 33.56753053731006, 1] 
[3.3353407561417288, 33.65054212095665, 1] 
[3.3437773023139745, 33.73336863581905, 1] 
[3.3519416086972966, 33.81953033903726, 1] 
[3.3592116513988195, 33.90666477746237, 1] 
[3.3651687771310335, 33.99545469095754, 1] 
[3.3697613806646083, 34.08443725607964, 1] 
[3.3746431216825967, 34.171603121337434, 1] 
[3.380296447409087, 34.26112242233555, 1] 
[3.385801874684641, 34.34862383641218, 1] 
[3.3917149634282806, 34.43845850165875, 1] 
[3.3975753857881155, 34.52906961496974, 1] 
[3.4018430407322895, 34.62016009563661, 1] 
[3.406318649126577, 34.70924410667192, 1] 
[3.4108340484161808, 34.79761516652215, 1] 
[3.4146240676622015, 34.88569431292007, 1] 
[3.417995418867088, 34.97254150554307, 1] 
[3.4212545499434004, 35.06263824802754, 1] 
[3.42393887462811, 35.156990410584314, 1] 
[3.425514579292102, 35.24997713703632, 1] 
[3.427702479168451, 35.34440897711969, 1] 
[3.4299291014088293, 35.441658333814104, 1] 
[3.432672184064663, 35.53724296830009, 1] 
[3.4361995644431924, 35.63327991485393, 1] 
[3.4391510435267283, 35.727941175807814, 1] 
[3.442020339202294, 35.82143339378595, 1] 
[3.444756712462764, 35.91644390955654, 1] 
[3.446839231991063, 36.01011477346075, 1] 
[3.448862138575673, 36.1022539056895, 1] 
[3.450438695630346, 36.19342606057779, 1] 
[3.4509907971152605, 36.28587470196863, 1] 
[3.45183798124218, 36.3781807107888, 1] 
[3.452497297734512, 36.47094692039789, 1] 
[3.4526578996558914, 36.56327020890585, 1] 
[3.4527089073576485, 36.655955021070284, 1] 
[3.452458475431963, 36.75008243953802, 1] 
[3.4516710999186833, 36.845813801538384, 1] 
[3.450772223147205, 36.94257689577102, 1] 
[3.4504402604539806, 37.03795545527245, 1] 
[3.4503952737036814, 37.13383403303902, 1] 
[3.4489418893154804, 37.22805599186807, 1] 
[3.447956575942591, 37.31898755963824, 1] 
[3.4472289343527254, 37.413810954759256, 1] 
[3.445704661562971, 37.51177192154381, 1] 
[3.4436572905174785, 37.60693551546857, 1] 
[3.442798903317667, 37.70216679317676, 1] 
[3.4428309127823464, 37.79909161071736, 1] 
[3.4421535652394994, 37.89540516631114, 1] 
[3.4416766594769403, 37.98895652458054, 1] 
[3.4418565207226908, 38.08506323265637, 1] 
[3.441476506095441, 38.18196786488291, 1] 
[3.4398959399276094, 38.278003987296344, 1] 
[3.43945648840891, 38.37361706553852, 1] 
[3.439787421322166, 38.4679104129333, 1] 
[3.43964967271972, 38.56177636414407, 1] 
[3.4392412519010005, 38.65675467623669, 1] 
[3.4388278916608597, 38.753333170725185, 1] 
[3.438559675830929, 38.85241913368139, 1] 
[3.437620964733152, 38.955132192374634, 1] 
[3.435220599932602, 39.05613175182576, 1] 
[3.4326745026976777, 39.15748853759325, 1] 
[3.4303569132942986, 39.25882480858182, 1] 
[3.4282395554781573, 39.359860599258226, 1] 
[3.4261288071015703, 39.459377463363445, 1] 
[3.4236452279835072, 2.185573703887705, 1] 
[3.418704892944052, 2.301482141476555, 1] 
[3.3910633540077395, 2.430642130420395, 1] 
[3.360913648668553, 2.567151701014879, 1] 
[3.3424277062741266, 2.707400830901733, 1] 
[3.3201483015064577, 2.22579749760186, 1] 
[3.388006495867096, 2.343414359058883, 1] 
[3.4581463973398865, 2.482122683175163, 1] 
[3.528941713847207, 2.6359601716337693, 1] 
[3.5999739263595347, 2.802850424890991, 1] 
[3.643780029556009, 2.976775432512227, 1] 
[3.563769787754813, 3.14683216245993, 1] 
[3.6337005831505413, 3.3242673231794697, 1] 
[3.5788971161176084, 3.495417132229832, 1] 
[3.648358114784957, 3.67223217688354, 1] 
[3.5781044333565957, 3.838282342213219, 1] 
[3.6469608284737225, 4.008758036787654, 1] 
[3.646604892915009, 4.176987526404261, 1] 
[3.6934372803151545, 4.348474803420729, 1] 
[3.6307973309698016, 4.51393887117996, 1] 
[3.6981210074001543, 4.683594529321084, 1] 
[3.6363783794253703, 4.844623682448571, 1] 
[3.7032513798252715, 5.011404702278142, 1] 
[3.7004824836739743, 5.177050065118081, 1] 
[3.7170082299510376, 5.341072275849001, 1] 
[3.694725281362657, 5.500143831170263, 1] 
[3.739490588534167, 5.659611882317819, 1] 
[3.6884625564201574, 5.813022008842012, 1] 
[3.7527317013565207, 5.96839779400257, 1] 
[3.7264688237553125, 6.119477560623139, 1] 
[3.774311250220602, 6.274859784759485, 1] 
[3.6935979037676057, 6.419775856917397, 1] 
[3.756717357726551, 6.565892555520151, 1] 
[3.793042363928267, 6.7162817438854745, 1] 
[3.7428534648880447, 6.861418598958963, 1] 
[3.797671673743022, 7.013509930897719, 1] 
[3.710291860548747, 7.154137964302507, 1] 
[3.772282367126947, 7.300254066238438, 1] 
[3.717248407162233, 7.439008657234552, 1] 
[3.7786576976364734, 7.583800518619981, 1] 
[3.730689472912733, 7.7226374620670555, 1] 
[3.791532141568808, 7.867606728901713, 1] 
[3.7123673650972258, 8.005968268751019, 1] 
[3.7728583899549264, 8.147271606940834, 1] 
[3.7798415875165117, 8.289237114515387, 1] 
[3.7776931434437717, 8.432018564539348, 1] 
[3.7625116574745303, 8.576098995294203, 1] 
[3.781857609322041, 8.719251154141453, 1] 
[3.8438548848633656, 8.866499300072974, 1] 
[3.9030137990233857, 9.018542391458345, 1] 
[3.9329933124466634, 9.14875845191792, 1] 
[3.9781434384175984, 9.25901389612599, 1] 
[4.033188298360422, 9.38353428580075, 1] 
[4.0885321257591185, 9.520958865746561, 1] 
[3.9910821078300414, 9.65528962145919, 1] 
[3.915044899197374, 9.787257170909406, 1] 
[3.938020737027643, 9.925436538548619, 1] 
[3.858987975992064, 10.056070367406049, 1] 
[3.9154679564419292, 10.197636071017694, 1] 
[3.820036836353144, 10.329385707583896, 1] 
[3.8764723906875767, 10.465499384803236, 1] 
[3.8108060892718782, 10.593543696991935, 1] 
[3.8667338297371745, 10.727463651899507, 1] 
[3.804083299092012, 10.854371368658155, 1] 
[3.85989920708023, 10.984433982402255, 1] 
[3.7886755102204734, 11.109274344670798, 1] 
[3.8442317544096696, 11.239799605167754, 1] 
[3.768485410542056, 11.366773395216402, 1] 
[3.823894572893457, 11.499496404332703, 1] 
[3.790364617331658, 11.632372317866682, 1] 
[3.822539484900288, 11.770660645850757, 1] 
[3.759504504296324, 11.903738421898545, 1] 
[3.814661238026376, 12.040933174954375, 1] 
[3.7923210025876988, 12.175571992223464, 1] 
[3.846983206612514, 12.315880461405722, 1] 
[3.7662443540927137, 12.44656490872623, 1] 
[3.820553031756611, 12.581990902033525, 1] 
[3.825694811684535, 12.716175675518734, 1] 
[3.793257577452794, 12.845715275000245, 1] 
[3.8458069266522212, 12.981615396327129, 1] 
[3.7652635773672842, 13.108563974251268, 1] 
[3.8174626282989315, 13.242159418537263, 1] 
[3.775524207139244, 13.374345451581188, 1] 
[3.8080501608192256, 13.508016226369794, 1] 
[3.7674238975548437, 13.63475231321845, 1] 
[3.818658114528177, 13.767314444780858, 1] 
[3.7461814631192922, 13.894086950100721, 1] 
[3.797197102188349, 14.027732506176179, 1] 
[3.7571369709217834, 14.158495848413054, 1] 
[3.8070783867557383, 14.293216869315518, 1] 
[3.784469892056147, 14.424220341289626, 1] 
[3.807151824399262, 14.559093146565871, 1] 
[3.758496960069159, 14.689137836739427, 1] 
[3.8074258139681043, 14.82236512390801, 1] 
[3.776369843610908, 14.953689610099143, 1] 
[3.824699484934187, 15.091426012902822, 1] 
[3.7428493480734244, 15.221409652369971, 1] 
[3.790528499122179, 15.355602621340829, 1] 
[3.823207424287034, 15.494223928509093, 1] 
[3.7397889652917815, 15.624713468321652, 1] 
[3.7872590958344987, 15.758920097947055, 1] 
[3.81975594946464, 15.897218763063357, 1] 
[3.756244379563372, 16.02806099920805, 1] 
[3.8032484047346706, 16.160886162355663, 1] 
[3.8387412504257474, 16.299176558379628, 1] 
[3.7592466124076584, 16.429132030189706, 1] 
[3.805666155022435, 16.56337301231451, 1] 
[3.834520613071227, 16.70150103144106, 1] 
[3.7575842477170482, 16.831036035381395, 1] 
[3.8037145809234896, 16.96515018539396, 1] 
[3.8458819104756397, 17.102189033483356, 1] 
[3.768806105661386, 17.23240708650858, 1] 
[3.8138266416922595, 17.366697498414332, 1] 
[3.783406605683217, 17.497307532851195, 1] 
[3.827066966671041, 17.63207989159249, 1] 
[3.748160939273734, 17.757407241545614, 1] 
[3.791952353761214, 17.887044616428184, 1] 
[3.786653453629082, 18.01607120406819, 1] 
[3.8130122858562037, 18.150602589542736, 1] 
[3.7354259997174233, 18.27826767363178, 1] 
[3.7788658972877025, 18.408688006383745, 1] 
[3.8215671870831156, 18.542759697556427, 1] 
[3.806928720082853, 18.67635248142651, 1] 
[3.848988380630884, 18.814212579655997, 1] 
[3.7663431945276673, 18.943965176925502, 1] 
[3.8079898834091543, 19.07728987511629, 1] 
[3.838351084912644, 19.214378845477736, 1] 
[3.768926746052557, 19.343520387508697, 1] 
[3.8100485334164973, 19.477383132621412, 1] 
[3.8506346786239307, 19.61327968417359, 1] 
[3.852645633850234, 19.74820949313364, 1] 
[3.860931361829167, 19.885389262122104, 1] 
[3.8147745488166755, 20.0170130818725, 1] 
[3.854729079537339, 20.154457546145736, 1] 
[3.8238191612149173, 20.289149260928756, 1] 
[3.863087214619093, 20.423785683469056, 1] 
[3.8102470832749114, 20.552696043926478, 1] 
[3.849180418239248, 20.68454496008896, 1] 
[3.780684182712814, 20.809850501847297, 1] 
[3.8187164724916465, 20.937950140413665, 1] 
[3.82909020945388, 21.068046720030004, 1] 
[3.776808296263095, 21.193108625211828, 1] 
[3.81445102837817, 21.318679533963742, 1] 
[3.8510074097784392, 21.44997744394987, 1] 
[3.7706553382901817, 21.574076877280422, 1] 
[3.8075992620090404, 21.701798910704714, 1] 
[3.8436806297991493, 21.834914304613097, 1] 
[3.7765516540064628, 21.961704496713295, 1] 
[3.8126940900009414, 22.09311498311137, 1] 
[3.848358296095022, 22.227809051435965, 1] 
[3.799863986613014, 22.360195117207677, 1] 
[3.835093488951008, 22.49865444983207, 1] 
[3.76219582219926, 22.628602465758764, 0] 
[3.7971832736156914, 22.760917574534673, 1] 
[3.8316441947143813, 22.8951137468365, 1] 
[3.78367082392626, 23.02381258634832, 0] 
[3.8180450527247767, 23.156476534242145, 1] 
[3.851662022215772, 23.295920896760748, 1] 
[3.7693331715357137, 23.42783953038988, 0] 
[3.80357218041089, 23.565208678956953, 1] 
[3.8369850984167297, 23.705730714760506, 1] 
[3.7770942864304673, 23.83966222456048, 0] 
[3.810166301276891, 23.974191532247787, 1] 
[3.824225723906786, 24.10920248613328, 1] 
[3.7973739465137473, 24.24121557648973, 0] 
[3.8296328595822353, 24.376625307228096, 1] 
[3.8088402366147136, 24.51132137015455, 1] 
[3.8386964185856307, 24.649781974364245, 1] 
[3.7700766007952122, 24.78151106994073, 0] 
[3.801341137246798, 24.91424591080731, 0] 
[3.8318365200184314, 25.047848717180074, 1] 
[3.8598943678912505, 25.185109538938725, 1] 
[3.784813501030379, 25.315266809670586, 0] 
[3.815028650499094, 25.448257945028285, 0] 
[3.844505864958239, 25.58344378499769, 1] 
[3.820703297426672, 25.71717349055859, 0] 
[3.849890443816511, 25.853871926579266, 1] 
[3.818462345728067, 25.989618915452084, 0] 
[3.8471250509134567, 26.127749563004926, 1] 
[3.8677163119816496, 26.2686713091476, 1] 
[3.805424135083486, 26.40309976954172, 0] 
[3.8331627764777334, 26.54245053465275, 1] 
[3.849101037835598, 26.68160469817809, 1] 
[3.8212298026632507, 26.817045044107566, 0] 
[3.847861467775019, 26.955155649609473, 1] 
[3.8201460102270097, 27.09120238934478, 0] 
[3.846100634440804, 27.22782413982801, 1] 
[3.8623848358456403, 27.36552848110923, 1] 
[3.8421779376898613, 27.5009656769073, 0] 
[3.8672119091506003, 27.639868100909922, 1] 
[3.861882777734435, 27.777328439583755, 0] 
[3.8862783745974547, 27.916674653942962, 1] 
[3.829917137222592, 28.050334270371152, 0] 
[3.854595195185897, 28.186696817023908, 0] 
[3.878606198979953, 28.323739855578587, 0] 
[3.9022014441477135, 28.462550813449802, 1] 
[3.843258658790229, 28.595228670274118, 0] 
[3.8669941784732362, 28.728799845916967, 0] 
[3.890420410539721, 28.867976671155525, 1] 
[3.8230670262101802, 28.998407862221555, 0] 
[3.8457655844132446, 29.132691359714542, 0] 
[3.8675593367318064, 29.273072373624544, 1] 
[3.8339588794978487, 29.40964542916919, 0] 
[3.8560034242607526, 29.55006824170389, 0] 
[3.8772266155432895, 29.694725066930978, 1] 
[3.8268301389015495, 29.833457234761568, 0] 
[3.8483936004129915, 29.973151568537737, 0] 
[3.869248775799553, 30.11389309694726, 1] 
[3.8806909695425786, 30.253449467817852, 1] 
[3.876482868712014, 30.390267748439967, 0] 
[3.896197367585999, 30.53072277890304, 1] 
[3.87833307803078, 30.671059747484847, 0] 
[3.8956805141708597, 30.81366728125318, 0] 
[3.9126780710461073, 30.955651049053763, 1] 
[3.9180966035279856, 31.096525657247547, 1] 
[3.9043846582727815, 31.234159415454172, 0] 
[3.920695014903919, 31.37245428277545, 0] 
[3.9351606092546203, 31.512563174510824, 1] 
[3.9270762210445787, 31.6511710411694, 1] 
[3.920704594432595, 31.789261633624015, 1] 
[3.920698739456536, 31.928783851934526, 1] 
[3.921316899467248, 32.066389201546635, 1] 
[3.923807563276009, 32.20450307615636, 1] 
[3.902869718902797, 32.34087283011638, 0] 
[3.916098006398986, 32.47963482265494, 0] 
[3.929000293372316, 32.62009773383553, 1] 
[3.912804104717086, 32.75573158251376, 0] 
[3.9252482827837176, 32.89540400488093, 1] 
[3.9009746674163757, 33.03590669572792, 0] 
[3.912632244166196, 33.17345469783786, 0] 
[3.923854474639563, 33.31156326781626, 0] 
[3.9347935026429917, 33.45206432102863, 1] 
[3.922662954922385, 33.592703211349196, 0] 
[3.933433344566611, 33.73732191414257, 0] 
[3.9427142377437003, 33.882418340831784, 1] 
[3.9281609006347296, 34.02670564621922, 0] 
[3.9383329341512168, 34.17064584609456, 0] 
[3.9482262702171416, 34.31645825867831, 1] 
[3.9238698043935623, 34.46119147848376, 0] 
[3.9336311501046475, 34.60636842323163, 0] 
[3.94340142544723, 34.75250410570414, 0] 
[3.952937512812664, 34.89794833501809, 0] 
[3.9586166743494755, 35.04415059893632, 1] 
[3.9386939752710006, 35.18783942828662, 0] 
[3.9468268343027537, 35.33196491818247, 0] 
[3.945965633863296, 35.47626158323243, 1] 
[3.934750416525546, 35.622107117613126, 0] 
[3.9425341052041456, 35.769409217847624, 1] 
[3.933782116940732, 35.91364890186126, 0] 
[3.9406505541683683, 36.05875054021026, 0] 
[3.947384954713385, 36.206179830862276, 0] 
[3.9499693228514148, 36.35079304105094, 0] 
[3.955944236291543, 36.49904858006933, 0] 
[3.961841429479667, 36.64593222685065, 0] 
[3.9670276115483833, 36.790698650115694, 0] 
[3.9721688946479876, 36.93925603442153, 0] 
[3.9770610587331587, 37.085485124772006, 0] 
[3.981550956013205, 37.233225511799205, 0] 
[3.985599020954432, 37.38305033230843, 1] 
[3.9496407279036094, 37.53070878515753, 0] 
[3.9539899220756047, 37.67913825980927, 0] 
[3.957936563590992, 37.82745041210798, 0] 
[3.961319578642919, 37.97711351296486, 0] 
[3.964348898958183, 38.12743178632378, 0] 
[3.9670313587846997, 38.277464039714744, 0] 
[3.969460099416526, 38.42613866759586, 0] 
[3.971361326217088, 38.57316827625486, 0] 
[3.9732371454312925, 38.72209816170777, 0] 
[3.9749908153273354, 38.87147451546849, 0] 
[3.976353374095125, 39.02255121469092, 0] 
[3.9772889267184324, 39.170844851145546, 0] 
[3.9777282823385693, 39.31835080543455, 0] 
[3.9779177924204547, 39.465087978381945, 0] 
[3.9786055009269443, 39.611215196975365, 0] 
[3.9789296745360896, 39.75899433263487, 0] 
[3.9789490084238976, 39.907758692209256, 0] 
[3.9789585112337242, 40.058336209518146, 0] 
[3.9792235100587883, 40.20804728283931, 0] 
[3.9789030668806578, 40.3595642973299, 0] 
[3.978276993348261, 40.510232626313936, 0] 
[3.977498875181373, 40.65859964868339, 0] 
[3.976237800605916, 40.80632531307856, 0] 
[3.974633558005194, 40.95308602167664, 0] 
[3.972894364181526, 41.0983206701869, 0] 
[3.9711738205995704, 41.246847335506004, 0] 
[3.969294838577018, 41.39504050975704, 0] 
[3.967349566857808, 41.54255823160641, 0] 
[3.965052885185178, 41.686559789663974, 0] 
[3.9624664609450915, 41.83172330505907, 0] 
[3.959883715336965, 41.97767974046515, 0] 
[3.956998689346483, 42.12383784026426, 0] 
[3.953728712880474, 42.27008501194139, 0] 
[3.9502400666688735, 42.416551279594074, 0] 
[3.9464094454470056, 42.56396451628788, 0] 
[3.942433081647646, 42.71085919080874, 0] 
[3.938171315612868, 42.85707490463705, 0] 
[3.9336467174381116, 42.99881481438772, 0] 
[3.928764736304877, 43.13931393487553, 0] 
[3.923462353948418, 43.276269064627776, 0] 
[3.917166836861435, 43.414544910723635, 0] 
[3.910978001023382, 43.552115073102, 0] 
[3.904394182613679, 43.69077525663725, 0] 
[3.8974118451884285, 43.829898570225836, 0] 
[3.889987192611982, 43.97015573719266, 0] 
[3.882373016444862, 44.109971962069665, 0] 
[3.874352242914856, 44.24994733528399, 0] 
[3.866122012909195, 44.38489906775172, 0] 
[3.8584165804080253, 44.52157414896637, 0] 
[3.8508914135978762, 44.65714888741205, 0] 
[3.8437663385396945, 44.78884159922546, 0] 
[3.837078085858142, 44.92168171599655, 0] 
[3.8306819114272948, 45.05444132928597, 0] 
[3.823603158325351, 45.18631835828883, 0] 
[3.8168654787871907, 45.315812341910934, 0] 
[3.8102177071017604, 45.447924926581386, 0] 
[3.804207776670508, 45.5812347892455, 0] 
[3.798589675592413, 45.7132422093663, 0] 
[3.793064704558736, 45.84466539029923, 0] 
[3.7873314990183906, 45.97470059226105, 0] 
[3.782006955979583, 46.105057163379, 0] 
[3.7765524936260375, 46.23442745790271, 0] 
[3.771538950730768, 46.362765019641074, 0] 
[3.7658538615562946, 46.49271129471651, 0] 
[3.760116810852448, 46.622145412711, 0] 
[3.7542099994073816, 46.74687886673415, 0] 
[3.7490659713958565, 46.87515025068444, 0] 
[3.7437918765333436, 47.00156725707188, 0] 
[3.739961288875972, 47.127065476297815, 0] 
[3.7367936487163464, 47.25241613632913, 0] 
[3.73338719421163, 47.37834803487301, 0] 
[3.730093332733358, 47.505934830754796, 0] 
[3.727015810850038, 47.63165398887033, 0] 
[3.724250675397739, 47.7573013800351, 0] 
[3.7211459317854545, 47.88558835879844, 0] 
[3.7184705927960175, 48.01312315797737, 0] 
[3.7157576038466646, 48.139208296359556, 0] 
[3.7132937733776914, 48.263930818577485, 0] 
[3.7100804917727785, 48.38743682492045, 0] 
[3.7068174019300533, 48.511176912697955, 0] 
[3.704566966232493, 48.63534905179059, 0] 
[3.702218952641435, 48.757071579373815, 0] 
[3.7005706750807614, 48.88021913758457, 0] 
[3.6989617037588247, 49.00358446176816, 0] 
[3.6980037940455377, 49.1259291262293, 0] 
[3.6974202654491832, 49.24639551588602, 0] 
[3.6966453058489757, 49.366962197307245, 0] 
[3.6961763919406287, 49.48700239901645, 0] 
[3.695021816775673, 49.60815712470458, 0] 
[3.693515602607271, 49.72883247547325, 0] 
[3.691955379475194, 49.847351574029695, 0] 
[3.697722648553652, 49.96925943693523, 0] 
[3.7092830837484323, 50.091371589857715, 0] 
[3.717009919333309, 50.21388202381452, 0] 
[3.722421246513605, 50.31106928103392, 0] 
[3.7309981638373406, 50.3833087956661, 0] 
[3.7426193500335545, 50.468942472675444, 0] 
[3.7503841813664316, 50.56287194916907, 0] 
[3.755726098642814, 50.66049310981329, 0] 
[3.7587042755172084, 50.76469287957771, 0] 
[3.7603402210760515, 50.870728023425, 0] 
[3.7601694236967327, 50.98195857099473, 0] 
[3.7584787650574647, 51.096375323162384, 0] 
[3.756397801298916, 51.21249392615079, 0] 
[3.753822554220667, 51.32829338846408, 0] 
[3.750110783406423, 51.44659085920608, 0] 
[3.7464424959509777, 51.564796419726974, 0] 
[3.7426382737590633, 51.68365297378891, 0] 
[3.7386238072479223, 51.805630502796824, 0] 
[3.7341873479662655, 51.92528562451548, 0] 
[3.7302498286171812, 52.042633313429306, 0] 
[3.7265784768338346, 52.16214195449925, 0] 
[3.72257872964546, 52.28301910024585, 0] 
[3.7179097030723542, 52.40253845474001, 0] 
[3.713515491902247, 52.52157737793154, 0] 
[3.709252759873876, 52.64116148818677, 0] 
[3.7051359891454863, 52.76114354404981, 0] 
[3.7012408599115925, 52.88137323618281, 0] 
[3.696904909699869, 53.0006368428405, 0] 
[3.6927861476009527, 53.11933839734591, 0] 
[3.6890072437359644, 53.23370952242082, 0] 
[3.685961724309352, 53.34984372898471, 0] 
[3.6832018046323114, 53.46370031153457, 0] 
[3.6804957875084257, 53.58180510178761, 0] 
[3.677251682999119, 53.6974013540702, 0] 
[3.675598507050544, 53.810985510069784, 0] 
[3.6733896496499616, 53.92446498976068, 0] 
[3.671815734231835, 54.03500673178776, 0] 
[3.6709238058644442, 54.14520835768488, 0] 
[3.670387133259445, 54.25927771759304, 0] 
[3.669169547022135, 54.37490043001044, 0] 
[3.668120007523666, 54.49078294045669, 0] 
[3.6665596650716474, 54.602932416254234, 0] 
[3.665664281681926, 54.717490252132905, 0] 
[3.664623699662422, 54.83148202321045, 0] 
[3.663341330257981, 54.946246328823754, 0] 
[3.6619978900672856, 55.06230632414067, 0] 
[3.6594607335290776, 55.176142167525256, 0] 
[3.657800834722456, 55.28948376926907, 0] 
[3.6560457414704466, 55.40475841033706, 0] 
[3.65379027441794, 55.51825070536465, 0] 
[3.6514516609145944, 55.63088191991963, 0] 
[3.6494114555203168, 55.74360737354647, 0] 
[3.6474689357209993, 55.854339704846126, 0] 
[3.6449059068572485, 55.963058432165, 0] 
[3.6433958635699124, 56.07312938388848, 0] 
[3.642026603521253, 56.18412319487995, 0] 
[3.6402462646039195, 56.29491976811896, 0] 
[3.6381442671555484, 56.404975493751834, 0] 
[3.6368301932254132, 56.515667849815124, 0] 
[3.6353923573137004, 56.62505963759965, 0] 
[3.634068712891484, 56.736057269613404, 0] 
[3.6323868418800735, 56.84619142854533, 0] 
[3.631125413217618, 56.95493310164309, 0] 
[3.6295866204634537, 57.0621254701733, 0] 
[3.6285730508558607, 57.16997566573106, 0] 
[3.6282112581772017, 57.2782924047936, 0] 
[3.628445530549696, 57.387901720686415, 0] 
[3.6281826348538675, 57.4964903054657, 0] 
[3.628759335011547, 57.602257793848196, 0] 
[3.6288336711393034, 57.710208424101324, 0] 
[3.629342103876901, 57.81749765754861, 0] 
[3.6292757708529964, 57.92502384147954, 0] 
[3.6298324141030354, 58.03388377634497, 0] 
[3.63042594754741, 58.14372112502925, 0] 
[3.6304802172756427, 58.25184801836987, 0] 
[3.6306159977560473, 58.35947245492609, 0] 
[3.630496179937099, 58.46837290963471, 0] 
[3.6291771953551115, 58.57612517071118, 0] 
[3.628337996812113, 58.6839079089093, 0] 
[3.62803241406134, 58.79138031995052, 0] 
[3.6278949575806685, 58.899272875867055, 0] 
[3.6278124420490063, 59.00691969327232, 0] 
[3.627699210974388, 59.1163588398788, 0] 
[3.6263258427788623, 59.22326260983236, 0] 
[3.625610441626142, 59.335059345737605, 0] 
[3.62349481053738, 59.44948986008578, 0] 
[3.6217100851829302, 59.564093688073825, 0] 
[3.6180126613628123, 59.680152766399175, 0] 
[3.605977476048025, 59.796261406812334, 0] 
[3.585851119120265, 59.90896897221408, 0] 
[3.5589177008804236, 60.01685636755876, 0] 
[3.527207398948202, 60.12194769151428, 0] 
[3.4906341105706082, 60.22304045019935, 0] 
[3.451122078099384, 60.323733459236564, 0] 
[3.4084647855007586, 60.4188945339761, -1] 
[3.364360929379714, 60.5085801360588, -1] 
[3.3182983025253328, 60.59505820608484, -1] 
[3.2722962797832253, 60.673895047157345, -1] 
[3.226615994524581, 60.746953885586066, -1] 
[3.1809169973260034, 60.81608410132243, -1] 
[3.132933176111647, 60.88035373501609, -1] 
[3.0856062988548354, 60.939921905400155, -1] 
[3.039185028168929, 60.9953403976173, -1] 
[2.992281127305139, 61.0456139303935, -1] 
[2.9473287455444157, 61.091836996557845, -1] 
[2.9024353718419946, 61.13522251507331, -1] 
[2.859368165598164, 61.174577634502995, -1] 
[2.8181071515854472, 61.21028326079552, -1] 
[2.7794014296369434, 61.241344245367415, -1] 
[2.744610100468472, 61.268512018331705, -1] 
[2.7112360544597593, 61.29244064583895, -1] 
[2.679772848219807, 61.31235960591904, -1] 
[2.65041652638854, 61.32728249450335, -1] 
[2.6233731319131866, 61.34112938674427, -1] 
[2.5988214599970165, 61.35261953507843, -1] 
[2.5763595257386256, 61.363824970833335, -1] 
[2.5574510255744025, 61.37500086577799, -1] 
[2.540911360882455, 61.38429676048122, -1] 
[2.525668385975843, 61.39095620499242, -1] 
[2.513346700146671, 61.39784786104633, -1] 
[2.5043774956890688, 61.40516452430059, -1] 
[2.4972204083949388, 61.41178870622228, -1] 
[2.4913437650598698, 61.417078054537626, -1] 
[2.486531307654792, 61.42138760679758, -1] 
[2.482225528057669, 61.42481448044241, -1] 
[2.4774377531333607, 61.429422550401085, -1] 
[2.473036020864971, 61.43593390371116, -1] 
[2.470467863097602, 61.443872598606504, -1] 
[2.469490542589671, 61.4517221462402, -1] 
[2.468929494187422, 61.45781157498189, -1] 
[2.4697061293593743, 61.46344732419149, -1] 
[2.4703835174149713, 61.4680605210219, -1] 
[2.4715682717157628, 61.4740133425216, -1] 
[2.4719287674333983, 61.475580971092555, -1] 
[2.4731050429188683, 61.477580737297984, -1] 
[2.474394914231495, 61.47710179132244, -1] 
[2.4758543484574465, 61.47706037479203, -1] 
[2.4778450138959016, 61.476069109957606, -1] 
[2.4796026046032975, 61.473907180902955, -1] 
[2.4799104228149815, 61.47250646880505, -1] 
[2.4816226661020924, 61.470358528350346, -1] 
[2.483799583153491, 61.46814108088738, -1] 
[2.485760847375019, 61.468053014954336, -1] 
[2.4878959350063945, 61.467893956066376, -1] 
[2.4905384844521796, 61.46651522273697, -1] 
[2.492020348666884, 61.467252880776414, -1] 
[2.492959213406742, 61.467957361020694, -1] 
[2.493642879524033, 61.470189724585595, -1] 
[2.493944980073512, 61.474245385278635, -1] 
[2.4945602608997595, 61.48175168271243, -1] 
[2.4946658290558914, 61.488448475379826, -1] 
[2.495066407460778, 61.49502808288935, -1] 
[2.496287579885431, 61.49812187831722, -1] 
[2.4969304208785594, 61.501196753017965, -1] 
[2.497831075048828, 61.50288119447495, -1] 
[2.4991843766320843, 61.504243986031256, -1] 
[2.499893116954855, 61.50491540624145, -1] 
[2.4998845771624616, 61.507338485604336, -1] 
[2.5026187111951845, 61.508766996844116, -1] 
[2.5051944345930406, 61.51312011876465, -1] 
[2.507342260269066, 61.51582364841984, -1] 
[2.5096512018078494, 61.51783101460853, -1] 
[2.5113955189111956, 61.51983837363463, -1] 
[2.5114040333807273, 61.52018609727641, -1] 
[2.5121888549602924, 61.52171768414826, -1] 
[2.5125651778905325, 61.52578077044814, -1] 
[2.5136976493324608, 61.53095534855822, -1] 
[2.5142948444560007, 61.53407786793176, -1] 
[2.514633283874033, 61.53589099849404, -1] 
[2.5150840831038797, 61.53644500385995, -1] 
[2.5155352783677225, 61.53927806257971, -1] 
[2.5152458492736067, 61.54308101544845, -1] 
[2.513938218722256, 61.54539035702666, -1] 
[2.512968732989328, 61.54814378631261, -1] 
[2.510746780474824, 61.5493532172394, -1] 
[2.5086435440840873, 61.55255884116333, -1] 
[2.5057767393170804, 61.55281472899236, -1] 
[2.5035597326560826, 61.55183099619477, -1] 
[2.5011654716231173, 61.549345720705716, -1] 
[2.4982778621481487, 61.54744643169906, -1] 
[2.494921502905991, 61.54723032289141, -1] 
[2.4909543904601845, 61.54727518143768, -1] 
[2.487763009568873, 61.54521182838444, -1] 
[2.4847760563346855, 61.54532335225869, -1] 
[2.482100427922278, 61.543239340473946, -1] 
[2.4794600654477477, 61.54092853984545, -1] 
[2.4787061770149426, 61.53509622208357, -1] 
[2.477604078078106, 61.53353547596478, -1] 
[2.474578791235694, 61.533558584353116, -1] 
[2.4727576996948133, 61.53105232419048, -1] 
[2.4707650376667316, 61.52825106631019, -1] 
[2.469554782158615, 61.52645752884213, -1] 
[2.4684595944379346, 61.52251938029457, -1] 
[2.468726314959676, 61.5200188310734, -1] 
[2.4699807593710474, 61.5151966270153, -1] 
[2.472030857069477, 61.51263833992567, -1] 
[2.4748847338224564, 61.51247154501655, -1] 
[2.4777994093511695, 61.51149323780537, -1] 
[2.481103070620725, 61.51313731895124, -1] 
[2.4848123333116274, 61.51400286617093, -1] 
[2.490151885705075, 61.51458073038094, -1] 
[2.4951089728078997, 61.51599337545268, -1] 
[2.499209513414939, 61.51570473651782, -1] 
[2.501433124709272, 61.51593582847701, -1] 
[2.5023542822822273, 61.51777608163894, -1] 
[2.501137719530587, 61.51805410374229, -1] 
[2.499676312369586, 61.51790677016339, -1] 
[2.4973340908845074, 61.519926168733065, -1] 
[2.4953104119283207, 61.519820985254285, -1] 
[2.492934781913857, 61.519200935316945, -1] 
[2.489511682788285, 61.51467535937542, -1] 
[2.485215571707315, 61.51013308007302, -1] 
[2.480338881710519, 61.50859987917025, -1] 
[2.4746884823836073, 61.507864729912555, -1] 
[2.469511142531085, 61.50810352927533, -1] 
[2.464545095422561, 61.506628419986384, -1] 
[2.4601069757657408, 61.505771377960485, -1] 
[2.456893252907666, 61.50163993493118, -1] 
[2.4534470232504852, 61.49842090690596, -1] 
[2.4517715605910464, 61.49689131313937, -1] 
[2.450304987333726, 61.49453341769346, -1] 
[2.4501301468439687, 61.48968094043616, -1] 
[2.450033563727436, 61.482216199578716, -1] 
[2.4505655851152484, 61.478013705628285, -1] 
[2.451534354435155, 61.4729451546514, -1] 
[2.453831453393029, 61.46820045734991, -1] 
[2.4559786361654443, 61.46427030235148, -1] 
[2.4588584523124024, 61.46016948854387, -1] 
[2.4622199251811883, 61.45615750962506, -1] 
[2.465510480438139, 61.45271523005991, -1] 
[2.468391514851646, 61.45289325790014, -1] 
[2.4711094181999895, 61.45218885438254, -1] 
[2.4739209879238584, 61.452192005097984, -1] 
[2.476659849971358, 61.4550439913434, -1] 
[2.4801797542263784, 61.457878833076904, -1] 
[2.483215967079832, 61.45848820099998, -1] 
[2.485830329915209, 61.46232205847895, -1] 
[2.4873552609909666, 61.465531946434, -1] 
[2.4884173219627796, 61.46979933397692, -1] 
[2.4888598221220164, 61.4751618309179, -1] 
[2.4897909239368805, 61.479631605557984, -1] 
[2.4906028365326134, 61.48457945600386, -1] 
[2.4915297981745206, 61.48764133883952, -1] 
[2.493870000374678, 61.48901520308476, -1] 
[2.495892489385851, 61.491515943687716, -1] 
[2.4975553018794887, 61.492174402932136, -1] 
[2.498376125255767, 61.494358696428804, -1] 
[2.4986459595201174, 61.497163959274815, -1] 
[2.498780219597712, 61.49973340465806, -1] 
[2.49858563515803, 61.50315247583325, -1] 
[2.497159710543057, 61.50481456422072, -1] 
[2.4963987781473747, 61.506530250203156, -1] 
[2.4946386873849757, 61.509928242692325, -1] 
[2.493589880088884, 61.513765935541585, -1] 
[2.492465340940939, 61.516631934905064, -1] 
[2.4914443668302, 61.518749053273794, -1] 
[2.4912631355534507, 61.52032178892223, -1] 
[2.4906871540142137, 61.51984853272914, -1] 
[2.4908895365176824, 61.521893663800824, -1] 
[2.4925895132757088, 61.52118778370158, -1] 
[2.493479289412423, 61.51856693409965, -1] 
[2.4941456204723353, 61.5166025519833, -1] 
[2.495015196716309, 61.5141868528068, -1] 
[2.4958112996851467, 61.51251669801459, -1] 
[2.498474364647775, 61.51285196274128, -1] 
[2.5008354846261858, 61.513744354561936, -1] 
[2.504464410365479, 61.513402204157885, -1] 
[2.5081977005995277, 61.51257021626097, -1] 
[2.5126667744787605, 61.51247039134694, -1] 
[2.5163806548254906, 61.51034017705521, -1] 
[2.519992142757021, 61.507175348645745, -1] 
[2.5233558050922675, 61.50560036213466, -1] 
[2.5267092124992616, 61.505068510468206, -1] 
[2.529148100418528, 61.504801866254496, -1] 
[2.530908834135091, 61.50163850574944, -1] 
[2.531487405452761, 61.50040073107438, -1] 
[2.5303766310427984, 61.50228507989998, -1] 
[2.5287029795312566, 61.50651662907744, -1] 
[2.5276012847662326, 61.51098166097239, -1] 
[2.5266034553953287, 61.51560004071729, -1] 
[2.5259505226711108, 61.52165288783476, -1] 
[2.525261481719397, 61.52838743589601, -1] 
[2.5246800440098167, 61.53538441439866, -1] 
[2.5236386501678947, 61.543534343352945, -1] 
[2.5218077732484496, 61.555838967899874, -1] 
[2.5194279038564242, 61.56542262024571, -1] 
[2.517545522739842, 61.57115213437319, -1] 
[2.515301998712462, 61.57694246721255, -1] 
[2.513338139979377, 61.5829601056453, -1] 
[2.5121953292495025, 61.585508273539375, -1] 
[2.5104059251840614, 61.585090482057694, -1] 
[2.507921323425619, 61.58258695550299, -1] 
[2.5066131820965456, 61.5834958391592, -1] 
[2.504659374983522, 61.58544521911787, -1] 
[2.502550273677771, 61.589155008438766, -1] 
[2.500310335641574, 61.59235449079924, -1] 
[2.497882002227267, 61.59588168960613, -1] 
[2.495932113380935, 61.60074250726829, -1] 
[2.4944661244969466, 61.60571629913245, -1] 
[2.493882286154556, 61.60957574875984, -1] 
[2.4927271605576458, 61.612554010744034, -1] 
[2.5039563166835324, 61.617558553435515, -1] 
[2.514482930778546, 61.623789429259816, -1] 
[2.5230321548615704, 61.63432621402954, -1] 
[2.5303913453304236, 61.64444223038498, -1] 
[2.535964464325446, 61.62923832451203, -1] 
[2.5405274054277314, 61.618904444557046, -1] 
[2.5432187256854104, 61.611093236824686, -1] 
[2.5450293811427582, 61.60519769061668, -1] 
[2.545457643018645, 61.601814341320676, -1] 
[2.544871505536636, 61.59866574845147, -1] 
[2.544493206973477, 61.595887899645305, -1] 
[2.5442056067800234, 61.593904924759855, -1] 
[2.542455570779509, 61.595319263582994, -1] 
[2.540266975711888, 61.59790921669446, -1] 
[2.537229542231998, 61.598244509795535, -1] 
[2.534577878840827, 61.597969203297254, -1] 
[2.5334842853451303, 61.59833252310254, -1] 
[2.5339591736719806, 61.5982681063733, -1] 
[2.535166709701707, 61.594939893438095, -1] 
[2.535639652139492, 61.592932106311395, -1] 
[2.5341117195570937, 61.59139829198682, -1] 
[2.5307624295222966, 61.593363068438634, -1] 
[2.5278653361503034, 61.59282851773624, -1] 
[2.524101731292905, 61.593553443578614, -1] 
[2.522088306089472, 61.59448203187449, -1] 
[2.521404421818691, 61.597380579370736, -1] 
[2.520340081341588, 61.59895296868852, -1] 
[2.5186022977832123, 61.59938057540806, -1] 
[2.516485869982682, 61.59790224075542, -1] 
[2.513867091920568, 61.596019811418614, -1] 
[2.512703756257384, 61.59407914345128, -1] 
[2.510572043453637, 61.59445112654957, -1] 
[2.5084137132699755, 61.59453684878898, -1] 
[2.5070243279235545, 61.590742833581615, -1] 
[2.506375067249825, 61.58810255075241, -1] 
[2.5062097036436297, 61.58679298549704, -1] 
[2.5073595903523618, 61.586384235073524, -1] 
[2.5075555511828833, 61.58508532722601, -1] 
[2.5072604681180874, 61.585398146851006, -1] 
[2.5062880394448634, 61.58624859946674, -1] 
[2.506368099370633, 61.58900221177771, -1] 
[2.506245820756992, 61.59440241844041, -1] 
[2.5065130781023415, 61.60027536297879, -1] 
[2.5066793300684926, 61.60697610201686, -1] 
[2.5069227115790054, 61.613082235561066, -1] 
[2.5074900740382273, 61.62038379586237, -1] 
[2.5077758432678112, 61.624178159693955, -1] 
[2.5086441819173313, 61.62804413806481, -1] 
[2.5088919941391845, 61.63392253332796, -1] 
[2.5106651900492336, 61.6399690592294, -1] 
[2.5114331449456295, 61.645533099502586, -1] 
[2.5111691955090625, 61.65381848399359, -1] 
[2.510863954237938, 61.662698653814545, -1] 
[2.5104591508502985, 61.67021770147481, -1] 
[2.509803455816292, 61.677126562987695, -1] 
[2.510155926499921, 61.67987507931436, -1] 
[2.5092302543152134, 61.681916007340575, -1] 
[2.5077394089249383, 61.68502100612733, -1] 
[2.5065054956383244, 61.68855859579631, -1] 
[2.5050133813404214, 61.690871840285496, -1] 
[2.5033058152027428, 61.69354371003655, -1] 
[2.5017076498612827, 61.69585755168404, -1] 
[2.501411127591319, 61.6976426154703, -1] 
[2.500884548701934, 61.70097194742959, -1] 
[2.500731607547292, 61.70490325128293, -1] 
[2.5010860415330685, 61.7052818331948, -1] 
[2.5011193767003803, 61.70630083134432, -1] 
[2.5000983578468987, 61.70946138096035, -1] 
[2.4995642072430133, 61.712505764508165, -1] 
[2.4989469941596205, 61.71301411731737, -1] 
[2.497695075221551, 61.71179408049764, -1] 
[2.496772367408616, 61.71035388612759, -1] 
[2.4963510078251945, 61.71125802881254, -1] 
[2.494862702893939, 61.712315241884255, -1] 
[2.494891873306527, 61.715929169882685, -1] 
[2.4956869327982942, 61.71857229715893, -1] 
[2.4970902213603567, 61.71863700177158, -1] 
[2.498266995379279, 61.718446601835666, -1] 
[2.499047979880606, 61.719800709306455, -1] 
[2.5000081830240037, 61.720093308367765, -1] 
[2.5007767670815833, 61.72212796077983, -1] 
[2.50272121120869, 61.72599339722791, -1] 
[2.5049631337175584, 61.72965002233728, -1] 
[2.507107805345721, 61.73235178738126, -1] 
[2.5091632566893614, 61.73587798927659, -1] 
[2.511136941964437, 61.739225047990104, -1] 
[2.512685880850256, 61.741878769330484, -1] 
[2.515234094653971, 61.745354522385384, -1] 
[2.51695136719247, 61.74806444707367, -1] 
[2.5187636607408628, 61.75300985668699, -1] 
[2.5191758184036606, 61.75758859802259, -1] 
[2.518586224585989, 61.761585476487014, -1] 
[2.518901945120212, 61.764068782379866, -1] 
[2.5196668622807716, 61.767286193161794, -1] 
[2.5198451838364124, 61.77047161208917, -1] 
[2.519123911035325, 61.774061726356635, -1] 
[2.5177891196992923, 61.775908466137935, -1] 
[2.517618175065426, 61.77742342638035, -1] 
[2.5175641095676915, 61.77813929842219, -1] 
[2.5175388928276443, 61.780794760809385, -1] 
[2.515520632933695, 61.78561134106401, -1] 
[2.5143869571152817, 61.789480765614215, -1] 
[2.514127718710825, 61.79237805957251, -1] 
[2.514846629858819, 61.79438483392747, -1] 
[2.5147295353614036, 61.7935735401484, -1] 
[2.513997461891497, 61.79405102817458, -1] 
[2.5127834215550724, 61.794758922956674, -1] 
[2.5127673898768768, 61.79495608709625, -1] 
[2.5134249343073587, 61.79640618328713, -1] 
[2.5149201860958086, 61.79832271959529, -1] 
[2.515987387753011, 61.80129177379578, -1] 
[2.5159446385174125, 61.80023318871409, -1] 
[2.5161875587593743, 61.80061608347948, -1] 
[2.516187597467212, 61.80265023254529, -1] 
[2.515970251724508, 61.8038577775302, -1] 
[2.5161118724884517, 61.80563013265976, -1] 
[2.515611773742793, 61.809546555596896, -1] 
[2.5159063031707194, 61.8139448292294, -1] 
[2.5154679218138574, 61.81558136996685, -1] 
[2.5164940695211255, 61.81930236481938, -1] 
[2.5176206378097405, 61.82158464287548, -1] 
[2.519781345119212, 61.822259138346226, -1] 
[2.5198305437875423, 61.8210875601015, -1] 
[2.5216011239583054, 61.82003325879583, -1] 
[2.5232353885370715, 61.82105054550745, -1] 
[2.523208144890236, 61.82264292996129, -1] 
[2.522826831006409, 61.82449237613689, -1] 
[2.522405993810217, 61.82507339062305, -1] 
[2.520792299572757, 61.824401867713675, -1] 
[2.5183725395620375, 61.82385040060356, -1] 
[2.5164970376519147, 61.823642163179386, -1] 
[2.5154519429324766, 61.823496159414844, -1] 
[2.515019135798113, 61.8237839838591, -1] 
[2.5141200878110883, 61.82377775156942, -1] 
[2.5125627655129112, 61.821680990380486, -1] 
[2.5099366315213194, 61.819534404466395, -1] 
[2.5072955416204046, 61.817169561236724, -1] 
[2.505687560546931, 61.81800849035885, -1] 
[2.5029645470543715, 61.81770334531029, -1] 
[2.5001797516545032, 61.817079671189305, -1] 
[2.497754790219992, 61.81752492388523, -1] 
[2.495421030802516, 61.81823478084007, -1] 
[2.4934645020282185, 61.821000661497365, -1] 
[2.4932190221383568, 61.822887155292335, -1] 
[2.493334718802082, 61.82201362398807, -1] 
[2.4927530013310437, 61.8208368870975, -1] 
[2.4917220401635087, 61.821396840053296, -1] 
[2.4886389048099606, 61.820163768315055, -1] 
[2.4869072339048603, 61.81832026278374, -1] 
[2.4875914942232207, 61.817541311363755, -1] 
[2.488529535803163, 61.816874318914415, -1] 
[2.491400471024874, 61.81721011987514, -1] 
[2.4929909301156745, 61.81758647010747, -1] 
[2.495039369011826, 61.8173929379074, -1] 
[2.497876340309831, 61.81698932933547, -1] 
[2.4992276523285564, 61.81602475533603, -1] 
[2.5008858934700653, 61.8157255275398, -1] 
[2.501556503439116, 61.8163455041002, -1] 
[2.5026459015838847, 61.81544476723376, -1] 
[2.505182988831527, 61.81367416952564, -1] 
[2.50803901389568, 61.81188273045723, -1] 
[2.5102510294032228, 61.81251823394288, -1] 
[2.5127550271799515, 61.813188181058294, -1] 
[2.5157537728217134, 61.81491603942976, -1] 
[2.518405680704239, 61.81625483552892, -1] 
[2.520452146910141, 61.815074070238, -1] 
[2.5218579854897647, 61.81380488063655, -1] 
[2.5214369620240524, 61.80976731232607, -1] 
[2.51946098284727, 61.80794159897722, -1] 
[2.51733977377615, 61.80455012358712, -1] 
[2.515123610246575, 61.80184591248985, -1] 
[2.511565587437098, 61.800949690576516, -1] 
[2.508212017948997, 61.79944727466349, -1] 
[2.5048133643911417, 61.79932087067158, -1] 
[2.50260352413163, 61.799589486453755, -1] 
[2.5017186789223818, 61.79815295528822, -1] 
[2.4994184641889827, 61.79572548552355, -1] 
[2.495715430696494, 61.79232347780436, -1] 
[2.492116896855634, 61.78878438047127, -1] 
[2.4886579621108114, 61.78768659309256, -1] 
[2.485293675314954, 61.78653247201726, -1] 
[2.4817699594451605, 61.78290920236438, -1] 
[2.4778788958535642, 61.777660785395426, -1] 
[2.4744517553478755, 61.77263393038834, -1] 
[2.470681349642978, 61.767010495953315, -1] 
[2.467279300603981, 61.76263236448543, -1] 
[2.465616433099355, 61.757564373801955, -1] 
[2.4644798356358426, 61.75223202062722, -1] 
[2.4633831696625803, 61.747664871019055, -1] 
[2.4614072380770655, 61.74199490812188, -1] 
[2.4598705446089273, 61.736289531339594, -1] 
[2.4589010734890544, 61.73088857586059, -1] 
[2.4586098732859663, 61.72515312010643, -1] 
[2.458601788872477, 61.72257185961108, -1] 
[2.4594802287070165, 61.71861390333163, -1] 
[2.4611538377604205, 61.71414806017458, -1] 
[2.4618948723332608, 61.70931126247679, -1] 
[2.462530160829555, 61.707711118498125, -1] 
[2.463029867249217, 61.7066087540197, -1] 
[2.4647504442221004, 61.70806545073512, -1] 
[2.4670906944091353, 61.710649711086944, -1] 
[2.47008157585453, 61.7143132009104, -1] 
[2.473853425437239, 61.716304112707576, -1] 
[2.478734199924156, 61.71858760461129, -1] 
[2.4836667190547033, 61.71723528329022, -1] 
[2.487200281928189, 61.71615384795335, -1] 
[2.4892535086559078, 61.712565352947394, -1] 
[2.4902640748064235, 61.709384739947325, -1] 
[2.4905014582869214, 61.70664574150199, -1] 
[2.491559227603735, 61.702673837341194, -1] 
[2.491520182495504, 61.69837056799827, -1] 
[2.4914153784881874, 61.693957724349104, -1] 
[2.4911973495103297, 61.689853465104505, -1] 
[2.4900618490682445, 61.685492995987744, -1] 
[2.489470806487713, 61.683446170387924, -1] 
[2.4884838957698783, 61.681424515163684, -1] 
[2.4882758924444675, 61.681045596516896, -1] 
[2.4892608692000864, 61.68437266612483, -1] 
[2.4904162126056995, 61.688741932458015, -1] 
[2.491594101859497, 61.69297493226756, -1] 
[2.4917187479274086, 61.69518080071239, -1] 
[2.4930691874019058, 61.69600098425583, -1] 
[2.4948434199200022, 61.698217570186756, -1] 
[2.4968412295676177, 61.69787809819324, -1] 
[2.4978341109685407, 61.69780544884364, -1] 
[2.4985158126138645, 61.69451307819597, -1] 
[2.4980720192108348, 61.69191465315754, -1] 
[2.497826907649265, 61.687556999455126, -1] 
[2.4969873955139907, 61.685934993327436, -1] 
[2.495876231363837, 61.684545853212256, -1] 
[2.493774732884208, 61.684878771605156, -1] 
[2.4915514533058096, 61.68513882111847, -1] 
[2.4879959596573165, 61.684778468875336, -1] 
[2.484742555111178, 61.68430063997258, -1] 
[2.482584975642304, 61.68392817305232, -1] 
[2.4797569827205126, 61.68436586636895, -1] 
[2.476451277668162, 61.68378208360549, -1] 
[2.474365581895077, 61.682121064898354, -1] 
[2.4730940394115937, 61.68264261461502, -1] 
[2.47229332620631, 61.68387303424079, -1] 
[2.4715248216584986, 61.68326006182417, -1] 
[2.4709907338447494, 61.68304422716625, -1] 
[2.4711671741515566, 61.6841184926885, -1] 
[2.472253796007294, 61.68213313575268, -1] 
[2.4731191531376635, 61.67898928208872, -1] 
[2.4738978619813388, 61.67610011272312, -1] 
[2.473910139634695, 61.672047756047505, -1] 
[2.4740553211329277, 61.669391881156685, -1] 
[2.4740931060794717, 61.66776164413389, -1] 
[2.4752549520261535, 61.666199097068755, -1] 
[2.474867860306815, 61.66375906804164, -1] 
[2.4740072815108403, 61.66435015615761, -1] 
[2.4734373270701666, 61.66277454313948, -1] 
[2.47445072849268, 61.66036284225382, -1] 
[2.47604111782859, 61.66042776606889, -1] 
[2.4783763050493097, 61.660653641973084, -1] 
[2.4809180424571906, 61.66174039086104, -1] 
[2.483645011965078, 61.65986132558743, -1] 
[2.4871992030359915, 61.65885929420749, -1] 
[2.490452017912493, 61.66015357985469, -1] 
[2.4931021283848005, 61.661775507093864, -1] 
[2.495757699829816, 61.66348536551121, -1] 
[2.4983930642570473, 61.664370673548476, -1] 
[2.501386478224975, 61.6649753170513, -1] 
[2.5019783238260014, 61.662261348054486, -1] 
[2.5010432372332003, 61.65744325903226, -1] 
[2.500201556869941, 61.654521243173136, -1] 
[2.499883100996829, 61.65292254685518, -1] 
[2.4977661097258186, 61.65338344055456, -1] 
[2.49612768932291, 61.6523651892511, -1] 
[2.495604393888945, 61.651664877775204, -1] 
[2.4951661922756694, 61.64831620391875, -1] 
[2.4930453278752696, 61.6442163587669, -1] 
[2.4918464792355306, 61.63991473788002, -1] 
[2.491555559227189, 61.63744930687173, -1] 
[2.489955122783692, 61.6339494732495, -1] 
[2.4870199311090024, 61.628631545010634, -1] 
[2.48340492520659, 61.62293764014083, -1] 
[2.479674767446569, 61.6170532516842, -1] 
[2.477035714390812, 61.61248433763441, -1] 
[2.474257306747128, 61.60494561995834, -1] 
[2.471711249548429, 61.59769404209828, -1] 
[2.4699281340844377, 61.59317363106206, -1] 
[2.467301837887408, 61.588351774469004, -1] 
[2.4652980369021544, 61.58244168521681, -1] 
[2.464440969490689, 61.5738588622755, -1] 
[2.4635291885631676, 61.56877686971862, -1] 
[2.4632137129995604, 61.566445911672645, -1] 
[2.464012458862663, 61.56613466934786, -1] 
[2.463925452583605, 61.56475962675087, -1] 
[2.463434505000636, 61.56421642122105, -1] 
[2.4627804249368133, 61.56332129588168, -1] 
[2.4626491197369407, 61.56090150063778, -1] 
[2.463434451129957, 61.55702227393152, -1] 
[2.464969747324511, 61.55317813539713, -1] 
[2.4665624759055853, 61.54927733541621, -1] 
[2.4690866687759754, 61.54797944750773, -1] 
[2.4700205265734536, 61.54714629006986, -1] 
[2.4717551492806056, 61.546924228688226, -1] 
[2.4727998100440653, 61.547006883912104, -1] 
[2.4736199129110163, 61.54489348986189, -1] 
[2.475209107450789, 61.54449703347582, -1] 
[2.4889279040971624, 61.54518182869474, -1] 
[2.5012503179039514, 61.547202210056284, -1] 
[2.511794399513764, 61.54895633861719, -1] 
[2.5208933205687605, 61.525755728045226, -1] 
[2.529686744076328, 61.47762793875869, -1] 
[2.535989159368646, 61.44155961289209, -1] 
[2.542039252868049, 61.41505216353961, -1] 
[2.5473115869848484, 61.39432160812814, -1] 
[2.5516295038748606, 61.3767539571092, -1] 
[2.5553268544554677, 61.366760977378576, -1] 
[2.5590615164841544, 61.359310922299926, -1] 
[2.561951820118035, 61.35461391474796, -1] 
[2.5657254440796105, 61.3525807866333, -1] 
[2.5690861044177575, 61.354716660787275, -1] 
[2.57216255715727, 61.35991573715182, -1] 
[2.5751126596740064, 61.366687046174675, -1] 
[2.576936418706045, 61.37259039429466, -1] 
[2.577735632358683, 61.37927708361239, -1] 
[2.5767506119750507, 61.38523805885012, -1] 
[2.576550197925128, 61.39025555600473, -1] 
[2.575188778980719, 61.3962718888296, -1] 
[2.572185195783691, 61.402835819100645, -1] 
[2.5668359147449693, 61.4099069441707, -1] 
[2.561788095505218, 61.41445042431528, -1] 
[2.5570286284863237, 61.419392225589064, -1] 
[2.551997221423845, 61.422884847253584, -1] 
[2.548375754660576, 61.42631556257956, -1] 
[2.545461139203111, 61.43016292338436, -1] 
[2.5433736264114715, 61.4346003573265, -1] 
[2.5412890428864094, 61.436919330836176, -1] 
[2.539735982969213, 61.43575110974338, -1] 
[2.539746116435826, 61.434454508561416, -1] 
[2.538932158779694, 61.43297282348125, -1] 
[2.5386523524595406, 61.431723693329374, -1] 
[2.5375477809123472, 61.432225066241784, -1] 
[2.5365357739758876, 61.435068257373345, -1] 
[2.535052587183808, 61.43687943702052, -1] 
[2.5330669549433926, 61.43959605893063, -1] 
[2.530108406791406, 61.44389900604838, -1] 
[2.5280567499414572, 61.44886076832742, -1] 
[2.526993271224446, 61.45752107310362, -1] 
[2.5270513064849274, 61.46364352355961, -1] 
[2.526817724618137, 61.46930285217641, -1] 
[2.5274121932689244, 61.472739680506166, -1] 
[2.527653468002812, 61.475740710354444, -1] 
[2.5269102438139655, 61.47754766507269, -1] 
[2.5258395901803183, 61.480153560603696, -1] 
[2.52615091438741, 61.48117674036858, -1] 
[2.5271197844512807, 61.483546245660634, -1] 
[2.5279160986693485, 61.48509540119197, -1] 
[2.528804087323391, 61.48515570331385, -1] 
[2.5295234653600076, 61.48704851092539, -1] 
[2.5294316419059863, 61.48821264668169, -1] 
[2.528348272341519, 61.48981558111835, -1] 
[2.5267223354131576, 61.4910908261259, -1] 
[2.525293180928061, 61.49399499308589, -1] 
[2.523535450378628, 61.49748995934215, -1] 
[2.5209619813167143, 61.50018625129154, -1] 
[2.5177593761435695, 61.502441319628076, -1] 
[2.514246302884583, 61.5039375660874, -1] 
[2.509734621783176, 61.50573966126532, -1] 
[2.505253647421099, 61.50891315665035, -1] 
[2.50212134015649, 61.50939445387678, -1] 
[2.500955111532866, 61.509948778951326, -1] 
[2.5005285351124455, 61.5095491036365, -1] 
[2.501116866960767, 61.50976120289485, -1] 
[2.5000966795801176, 61.507959455933175, -1] 
[2.4985456596355387, 61.50830800467304, -1] 
[2.498604121497035, 61.50726863490655, -1] 
[2.497739140580404, 61.50732406408028, -1] 
[2.4977042182728697, 61.50778249423978, -1] 
[2.4977610308710516, 61.507263557065045, -1] 
[2.4979235279506535, 61.50654422648384, -1] 
[2.497967416406658, 61.50787453053688, -1] 
[2.499225769019039, 61.51078577885323, -1] 
[2.501025056691206, 61.511566346640436, -1] 
[2.5007409550749125, 61.512528276708466, -1] 
[2.500992600634228, 61.513507295680256, -1] 
[2.5018827829506805, 61.513484144663266, -1] 
[2.502688245282508, 61.51329180251969, -1] 
[2.5030718998689494, 61.51750157885061, -1] 
[2.503983277975437, 61.521891335109316, -1] 
[2.5045320543224054, 61.52297677431382, -1] 
[2.5041185936545114, 61.52213687907003, -1] 
[2.50431320697737, 61.522540428124884, -1] 
[2.5056977956394095, 61.52420854158984, -1] 
[2.507260032987267, 61.52942053769782, -1] 
[2.508743026277401, 61.53027514439495, -1] 
[2.5111506474858336, 61.53116687668363, -1] 
[2.5140010417685743, 61.53273134613329, -1] 
[2.5158182719296875, 61.53361074929708, -1] 
[2.517007321911541, 61.535739133380815, -1] 
[2.517160836187465, 61.53647656704416, -1] 
[2.517394757227298, 61.53703123026074, -1] 
[2.517666915578124, 61.53740522260179, -1] 
[2.517377467625076, 61.538548914252985, -1] 
[2.518095499220219, 61.53924893806861, -1] 
[2.5181147537460555, 61.541605624476134, -1] 
[2.519192757721541, 61.54270849935291, -1] 
[2.5206106067147203, 61.54426701281258, -1] 
[2.5213268664227235, 61.546093990096125, -1] 
[2.520926135524896, 61.54841651215263, -1] 
[2.5198175431199203, 61.5533879595298, -1] 
[2.519467263849654, 61.55872469722425, -1] 
[2.518286017400397, 61.56767845123788, -1] 
[2.5174524648620045, 61.57559174276855, -1] 
[2.5163229747499933, 61.582991769251436, -1] 
[2.5139692830674414, 61.58922268972154, -1] 
[2.5116935106988962, 61.597133814377614, -1] 
[2.5091362069999636, 61.60482647110172, -1] 
[2.5069697664092936, 61.6132427204757, -1] 
[2.503848465454549, 61.61931909428556, -1] 
[2.5007199881543856, 61.62446646192075, -1] 
[2.497698031450947, 61.63226327147592, -1] 
[2.495165804378167, 61.64140509169454, -1] 
[2.4925326547476727, 61.64926352539969, -1] 
[2.489560384186278, 61.65577942861407, -1] 
[2.4884735484833644, 61.66076827395963, -1] 
[2.4876523014051326, 61.663826257662905, -1] 
[2.4876947122860753, 61.665205003444584, -1] 
[2.4879317324930104, 61.66415806797279, -1] 
[2.4881282986801887, 61.66458971359438, -1] 
[2.488926133666339, 61.666191894392455, -1] 
[2.4894296090838908, 61.66766932664689, -1] 
[2.48918627244128, 61.66997188326317, -1] 
[2.489645757106793, 61.670856704214145, -1] 
[2.490634385892017, 61.67216242753173, -1] 
[2.491517906718927, 61.67448994894332, -1] 
[2.4919581489245246, 61.67466817448266, -1] 
[2.4924747654489736, 61.67520169443709, -1] 
[2.4921401823699054, 61.67910207864969, -1] 
[2.4915078349892275, 61.68254533661877, -1] 
[2.4916078188224935, 61.685643892408294, -1] 
[2.49150133338895, 61.68702822898723, -1] 
[2.4925927267181223, 61.68455570587608, -1] 
[2.493449829118651, 61.68370289821648, -1] 
[2.493880948282817, 61.68386721779338, -1] 
[2.4935301941400523, 61.68525892817591, -1] 
[2.4941696416224017, 61.68595292174771, -1] 
[2.494662974030386, 61.686840117580374, -1] 
[2.495623022096868, 61.68902419378881, -1] 
[2.4967553294935856, 61.69311694585741, -1] 
[2.4973169599765725, 61.69685016719926, -1] 
[2.497257538130209, 61.69985865532621, -1] 
[2.4965749073963157, 61.70494533901373, -1] 
[2.4957616824569264, 61.70877720263783, -1] 
[2.495177729671543, 61.712826950639965, -1] 
[2.4949789225335026, 61.71748009784196, -1] 
[2.495466585702107, 61.72001952339701, -1] 
[2.4956093987093513, 61.72215005687255, -1] 
[2.496905229022948, 61.72292216857194, -1] 
[2.496979785661358, 61.72246055196669, -1] 
[2.4967189538050314, 61.72249022204285, -1] 
[2.4972136702820684, 61.723270545437714, -1] 
[2.4986778838555095, 61.72401315393938, -1] 
[2.5014808776158763, 61.727147021602576, -1] 
[2.5031141951539198, 61.725512782501255, -1] 
[2.5045378614378664, 61.72467461294255, -1] 
[2.5050837317738086, 61.72488597967262, -1] 
[2.50607723829434, 61.72560643693737, -1] 
[2.505799012705185, 61.727564590523, -1] 
[2.5038927004802845, 61.72942804350531, -1] 
[2.502241460272281, 61.7303150486383, -1] 
[2.501795125536042, 61.73211915521793, -1] 
[2.503631530809007, 61.73335630616957, -1] 
[2.5048641767316124, 61.737772224571714, -1] 
[2.5051876542985667, 61.740523985484515, -1] 
[2.5053546284470385, 61.74081219395988, -1] 
[2.5051156068364375, 61.743034586244505, -1] 
[2.5052930031718876, 61.745286396649135, -1] 
[2.505255432205962, 61.747909083544954, -1] 
[2.505635560063077, 61.750081541090054, -1] 
[2.5072872048832817, 61.7510483945004, -1] 
[2.5096188637421646, 61.75351652535514, -1] 
[2.5127660652653487, 61.752322100947694, -1] 
[2.515670989616225, 61.752982653411976, -1] 
[2.516976678014601, 61.75770032144166, -1] 
[2.517483637598256, 61.76233061794231, -1] 
[2.518615261489197, 61.768639690650815, -1] 
[2.5197179297084604, 61.77524680581956, -1] 
[2.52000656166528, 61.780094129059364, -1] 
[2.519110057024656, 61.78414412310528, -1] 
[2.5186888910211347, 61.78887402773711, -1] 
[2.5183373060200003, 61.7904851703653, -1] 
[2.5169650705918967, 61.79209282215818, -1] 
[2.5167345100741882, 61.79375930256816, -1] 
[2.5157915293355853, 61.79930777668588, -1] 
[2.5147280165710106, 61.80196426225119, -1] 
[2.515292718326922, 61.80758112808448, -1] 
[2.5149993198571354, 61.81265148544381, -1] 
[2.513250726438016, 61.816116541442085, -1] 
[2.5121521205163666, 61.81854902820177, -1] 
[2.5109115620954956, 61.82149236944292, -1] 
[2.5090466070331248, 61.82773025511702, -1] 
[2.5078284732978062, 61.832505140434904, -1] 
[2.506712492543953, 61.8361122307484, -1] 
[2.5048483686829126, 61.838484202756064, -1] 
[2.502933314892332, 61.84106723536763, -1] 
[2.5014272978445784, 61.84265285318034, -1] 
[2.4989163426198617, 61.840795862983086, -1] 
[2.4960408731150787, 61.84129027548792, -1] 
[2.4938479963398357, 61.838566404375, -1] 
[2.491756678124572, 61.83428849254625, -1] 
[2.4893922132858637, 61.82922630987912, -1] 
[2.486957657369036, 61.82407759504113, -1] 
[2.4840445579459547, 61.81852409628584, -1] 
[2.48054777083351, 61.81356445639267, -1] 
[2.4778752190464863, 61.808016939007274, -1] 
[2.4764059398472944, 61.80190523043112, -1] 
[2.4755870652770287, 61.79571026293547, -1] 
[2.4757662825540976, 61.787723888176004, -1] 
[2.4756866087104887, 61.78141250715625, -1] 
[2.476840922764972, 61.77360832801432, -1] 
[2.478342777662947, 61.76503950859231, -1] 
[2.4798455713040934, 61.75618673193142, -1] 
[2.4813738460656283, 61.74828825803506, -1] 
[2.482744173362566, 61.7363756002938, -1] 
[2.4838046183868943, 61.72431069460711, -1] 
[2.4847797966354648, 61.712750933560955, -1] 
[2.4848327522128404, 61.702192862671495, -1] 
[2.4847001854569988, 61.69197128090386, -1] 
[2.4854066059278903, 61.682871350000596, -1] 
[2.4860416591722294, 61.676434978026606, -1] 
[2.4864314082584325, 61.670345527775396, -1] 
[2.485706459334536, 61.66580777100003, -1] 
[2.4847639032634183, 61.66198469487432, -1] 
[2.4850278769048404, 61.65685022430489, -1] 
[2.483894904338277, 61.652684414629874, -1] 
[2.4834993280215674, 61.65160174147982, -1] 
[2.482840824681885, 61.64989017903697, -1] 
[2.4825370890137854, 61.64905804589867, -1] 
[2.481904594459895, 61.64776343307281, -1] 
[2.4810399233873652, 61.6455945456305, -1] 
[2.4801988194846216, 61.64336349828143, -1] 
[2.4782860022985664, 61.641618323578484, -1] 
[2.476244405165817, 61.63953085714864, -1] 
[2.4723776864707525, 61.63477352384675, -1] 
[2.4688497984884457, 61.62993014164215, -1] 
[2.4661335912537496, 61.625687199577584, -1] 
[2.4637485165989914, 61.62016442064953, -1] 
[2.4610524817789146, 61.61218008101382, -1] 
[2.4584272027814578, 61.60255598654845, -1] 
[2.456565106257464, 61.596030953382495, -1] 
[2.4564553496999704, 61.59086016958349, -1] 
[2.456059739809591, 61.58658494706307, -1] 
[2.457095170624988, 61.58401593770651, -1] 
[2.459364775507638, 61.581956123719806, -1] 
[2.4626860874362224, 61.57979939817018, -1] 
[2.464851223672816, 61.57656475312697, -1] 
[2.467021517643678, 61.575656080802815, -1] 
[2.468300811653532, 61.57309746262473, -1] 
[2.4695625092610416, 61.57000555889681, -1] 
[2.46999243653248, 61.565762321654375, -1] 
[2.469040210065427, 61.56128454599073, -1] 
[2.4670911381560003, 61.556909846813156, -1] 
[2.465622065880552, 61.55245118669646, -1] 
[2.463892546191459, 61.547548779847276, -1] 
[2.462104374894033, 61.54168671486076, -1] 
[2.4606098178553433, 61.532735960699256, -1] 
[2.4595062889701196, 61.52464826603111, -1] 
[2.457798399420751, 61.51417741949135, -1] 
[2.4560377029984237, 61.50231976195897, -1] 
[2.4567989786698368, 61.49204183197489, -1] 
[2.457301923223705, 61.48193745616973, -1] 
[2.4575273166484353, 61.47535303865678, -1] 
[2.4578177659751037, 61.46927064116298, -1] 
[2.458650101499575, 61.46535138630948, -1] 
[2.4596579994601764, 61.46228505952696, -1] 
[2.4605966322920274, 61.459808507647494, -1] 
[2.4611370724528605, 61.45834938986651, -1] 
[2.4629382373492237, 61.45468604403308, -1] 
[2.466369272445816, 61.452888769065964, -1] 
